"Origin","Forecast_Year","Horizon","Model","Actual","Forecast","Error","Absolute_Error","Squared_Error","Scaled_Absolute_Error"
2000,2001,1,"Naive",7.78115,7.490555,-0.290595000000001,0.290595000000001,0.0844454540250004,0.754672771447637
2000,2002,2,"Naive",8.882784,7.490555,-1.392229,1.392229,1.938301588441,3.61560700603854
2000,2003,3,"Naive",8.435382,7.490555,-0.944827000000001,0.944827000000001,0.892698059929002,2.45370777414806
2000,2004,4,"Naive",7.879406,7.490555,-0.388851000000001,0.388851000000001,0.151205100201001,1.00984277723356
2000,2005,5,"Naive",8.140242,7.490555,-0.649687000000001,0.649687000000001,0.422093197969001,1.68723167591838
2000,2001,1,"Drift",7.78115,7.62456434482759,-0.156585655172415,0.156585655172415,0.0245190674057744,0.406651629786851
2000,2002,2,"Drift",8.882784,7.75857368965517,-1.12421031034483,1.12421031034483,1.26384882188561,2.91956472271697
2000,2003,3,"Drift",8.435382,7.89258303448276,-0.542798965517242,0.542798965517242,0.294630716966589,1.4096443491657
2000,2004,4,"Drift",7.879406,8.02659237931034,0.147186379310344,0.147186379310344,0.0216638302544883,0.38224178940959
2000,2005,5,"Drift",8.140242,8.16060172413793,0.0203597241379292,0.0203597241379292,0.000414518366972577,0.052874032385555
2000,2001,1,"Historical Growth",7.78115,7.68190614817784,-0.0992438518221563,0.0992438518221563,0.00984934212449812,0.25773544866142
2000,2002,2,"Historical Growth",8.882784,7.87814548713848,-1.00463851286152,1.00463851286152,1.00929854152461,2.60903777010697
2000,2003,3,"Historical Growth",8.435382,8.0793978889266,-0.355984111073399,0.355984111073399,0.126724687336718,0.924487743061941
2000,2004,4,"Historical Growth",7.879406,8.28579141552533,0.406385415525331,0.406385415525331,0.165149105951696,1.05537950690962
2000,2005,5,"Historical Growth",8.140242,8.49745740034527,0.357215400345266,0.357215400345266,0.127602842243829,0.927685390947328
2000,2001,1,"ARIMA(0,1,1)",7.78115,6.70699261000983,-1.07415738999017,1.07415738999017,1.1538140984705,2.78957770944044
2000,2002,2,"ARIMA(0,1,1)",8.882784,6.76775118723505,-2.11503281276495,2.11503281276495,4.4733637990724,5.49272242988355
2000,2003,3,"ARIMA(0,1,1)",8.435382,6.82850976446028,-1.60687223553972,1.60687223553972,2.58203838134842,4.17303368384528
2000,2004,4,"ARIMA(0,1,1)",7.879406,6.88926834168551,-0.990137658314491,0.990137658314491,0.980372582412503,2.57137917278298
2000,2005,5,"ARIMA(0,1,1)",8.140242,6.95002691891074,-1.19021508108926,1.19021508108926,1.41661193925232,3.09097855732001
2000,2001,1,"ARIMA(1,1,1)",7.78115,7.10550169321218,-0.675648306787824,0.675648306787824,0.456500634465254,1.75465297134317
2000,2002,2,"ARIMA(1,1,1)",8.882784,7.29276750588991,-1.59001649411009,1.59001649411009,2.52815245154214,4.12925946508892
2000,2003,3,"ARIMA(1,1,1)",8.435382,7.28840737059725,-1.14697462940275,1.14697462940275,1.31555080049357,2.97868346789001
2000,2004,4,"ARIMA(1,1,1)",7.879406,7.34884225492564,-0.530563745074359,0.530563745074359,0.28149788758733,1.37786958455893
2000,2005,5,"ARIMA(1,1,1)",8.140242,7.38744168777822,-0.752800312221776,0.752800312221776,0.566708310081204,1.95501608070013
2000,2001,1,"ARIMA(2,1,2)",7.78115,7.24668466498924,-0.534465335010759,0.534465335010759,0.285653194328162,1.38800198081611
2000,2002,2,"ARIMA(2,1,2)",8.882784,8.21872290681929,-0.664061093180711,0.664061093180711,0.440977135476361,1.72456107503995
2000,2003,3,"ARIMA(2,1,2)",8.435382,7.94256955330483,-0.492812446695169,0.492812446695169,0.242864107617678,1.27982978011092
2000,2004,4,"ARIMA(2,1,2)",7.879406,7.5481762976092,-0.331229702390798,0.331229702390798,0.109713115745896,0.860200751867853
2000,2005,5,"ARIMA(2,1,2)",8.140242,7.96200568872399,-0.178236311276006,0.178236311276006,0.0317681826572773,0.462878201632054
2001,2002,1,"Naive",8.882784,7.78115,-1.101634,1.101634,1.213597469956,2.88452263269677
2001,2003,2,"Naive",8.435382,7.78115,-0.654232,0.654232,0.428019509824,1.71304354353123
2001,2004,3,"Naive",7.879406,7.78115,-0.0982560000000001,0.0982560000000001,0.00965424153600002,0.257273882068141
2001,2005,4,"Naive",8.140242,7.78115,-0.359092,0.359092,0.128947064464,0.940247851119656
2001,2006,5,"Naive",9.546193,7.78115,-1.765043,1.765043,3.115376791849,4.62159526774139
2001,2002,1,"Drift",8.882784,7.92037886666667,-0.962405133333332,0.962405133333332,0.926223640666349,2.51996524156258
2001,2003,2,"Drift",8.435382,8.05960773333333,-0.375774266666667,0.375774266666667,0.141206299488872,0.983928761262847
2001,2004,3,"Drift",7.879406,8.1988366,0.3194306,0.3194306,0.10203590821636,0.836398291334426
2001,2005,4,"Drift",8.140242,8.33806546666667,0.197823466666666,0.197823466666666,0.0391341239640174,0.5179817134171
2001,2006,5,"Drift",9.546193,8.47729433333333,-1.06889866666667,1.06889866666667,1.14254435960178,2.79880831207044
2001,2002,1,"Historical Growth",8.882784,7.98333977690844,-0.899444223091555,0.899444223091555,0.808999910452771,2.35510815602637
2001,2003,2,"Historical Growth",8.435382,8.19078336667055,-0.244598633329451,0.244598633329451,0.0598284914266352,0.64045798674106
2001,2004,3,"Historical Growth",7.879406,8.40361728731371,0.524211287313707,0.524211287313707,0.274797473747094,1.37259681761048
2001,2005,4,"Historical Growth",8.140242,8.62198160422649,0.48173960422649,0.48173960422649,0.232073046280296,1.26138880195936
2001,2006,5,"Historical Growth",9.546193,8.84602002233528,-0.700172977664716,0.700172977664716,0.490242198651874,1.83333557322719
2001,2002,1,"ARIMA(0,1,1)",8.882784,8.49531990456542,-0.387464095434579,0.387464095434579,0.150128425250937,1.01453745312729
2001,2003,2,"ARIMA(0,1,1)",8.435382,8.57366975521308,0.13828775521308,0.13828775521308,0.0191235032418726,0.362093181344221
2001,2004,3,"ARIMA(0,1,1)",7.879406,8.65201960586074,0.772613605860736,0.772613605860736,0.596931783961129,2.02301438811326
2001,2005,4,"ARIMA(0,1,1)",8.140242,8.7303694565084,0.590127456508394,0.590127456508394,0.348250414925067,1.5451919643677
2001,2006,5,"ARIMA(0,1,1)",9.546193,8.80871930715606,-0.737473692843945,0.737473692843945,0.543867447636886,1.93100390694807
2001,2002,1,"ARIMA(1,1,1)",8.882784,8.1231053249227,-0.759678675077303,0.759678675077303,0.577111689367207,1.98914551642159
2001,2003,2,"ARIMA(1,1,1)",8.435382,8.01971723995558,-0.415664760044425,0.415664760044425,0.17277719274279,1.08837818001498
2001,2004,3,"ARIMA(1,1,1)",7.879406,8.13464045317996,0.255234453179956,0.255234453179956,0.0651446260900714,0.668306857669216
2001,2005,4,"ARIMA(1,1,1)",8.140242,8.14263969310451,0.00239769310451265,0.00239769310451265,5.74893222342753e-06,0.00627812869449177
2001,2006,5,"ARIMA(1,1,1)",9.546193,8.20302651423964,-1.34316648576036,1.34316648576036,1.80409620846984,3.51695220704477
2001,2002,1,"ARIMA(2,1,2)",8.882784,8.96222904945135,0.0794450494513477,0.0794450494513477,0.00631151588232708,0.208019217996292
2001,2003,2,"ARIMA(2,1,2)",8.435382,8.27587946993173,-0.159502530068275,0.159502530068275,0.0254410570981811,0.417642028073151
2001,2004,3,"ARIMA(2,1,2)",7.879406,7.96445883270937,0.0850528327093718,0.0850528327093718,0.00723398435188839,0.222702658891388
2001,2005,4,"ARIMA(2,1,2)",8.140242,8.6188832925604,0.478641292560402,0.478641292560402,0.229097486943893,1.25327617097304
2001,2006,5,"ARIMA(2,1,2)",9.546193,8.5132303589289,-1.0329626410711,1.0329626410711,1.06701181784858,2.70471328671757
2002,2003,1,"Naive",8.435382,8.882784,0.447401999999999,0.447401999999999,0.200168549603999,1.10434480590646
2002,2004,2,"Naive",7.879406,8.882784,1.003378,1.003378,1.006767410884,2.47668826393447
2002,2005,3,"Naive",8.140242,8.882784,0.742541999999998,0.742541999999998,0.551368621763998,1.83285367715699
2002,2006,4,"Naive",9.546193,8.882784,-0.663409000000001,0.663409000000001,0.440111501281002,1.63752572259757
2002,2007,5,"Naive",10.082162,8.882784,-1.199378,1.199378,1.438507586884,2.96048489863362
2002,2003,1,"Drift",8.435382,9.05305819354839,0.617676193548386,0.617676193548386,0.381523880076423,1.52464114169636
2002,2004,2,"Drift",7.879406,9.22333238709677,1.34392638709677,1.34392638709677,1.80613813393499,3.31728093551427
2002,2005,3,"Drift",8.140242,9.39360658064516,1.25336458064516,1.25336458064516,1.57092277201582,3.09374268452669
2002,2006,4,"Drift",9.546193,9.56388077419355,0.0176877741935471,0.0176877741935471,0.000312857355921909,0.0436596205620225
2002,2007,5,"Drift",10.082162,9.73415496774193,-0.348007032258066,0.348007032258066,0.121108894501066,0.859003219684124
2002,2003,1,"Historical Growth",8.435382,9.14503888377867,0.709656883778674,0.709656883778674,0.503612892694459,1.75168169471022
2002,2004,2,"Historical Growth",7.879406,9.41503656802011,1.53563056802011,1.53563056802011,2.35816124143775,3.790473984435
2002,2005,3,"Historical Growth",8.140242,9.69300565078944,1.55276365078944,1.55276365078944,2.41107495521295,3.83276443232187
2002,2006,4,"Historical Growth",9.546193,9.97918147926999,0.432988479269994,0.432988479269994,0.187479023180542,1.06876718946083
2002,2007,5,"Historical Growth",10.082162,10.2738063490239,0.191644349023921,0.191644349023921,0.0367275565128025,0.47304536284123
2002,2003,1,"ARIMA(0,1,1)",8.435382,9.12648170856263,0.691099708562625,0.691099708562625,0.477618807175345,1.70587608798039
2002,2004,2,"ARIMA(0,1,1)",7.879406,9.21483801618909,1.33543201618909,1.33543201618909,1.78337866986285,3.29631385358047
2002,2005,3,"ARIMA(0,1,1)",8.140242,9.30319432381555,1.16295232381555,1.16295232381555,1.35245810746798,2.87057357437505
2002,2006,4,"ARIMA(0,1,1)",9.546193,9.39155063144201,-0.15464236855799,0.15464236855799,0.0239142621532253,0.38171151780745
2002,2007,5,"ARIMA(0,1,1)",10.082162,9.47990693906847,-0.60225506093153,0.60225506093153,0.36271115841764,1.48657638627144
2002,2003,1,"ARIMA(1,1,1)",8.435382,9.02659458858042,0.591212588580419,0.591212588580419,0.349532324895959,1.45931969768865
2002,2004,2,"ARIMA(1,1,1)",7.879406,9.04631811670501,1.16691211670501,1.16691211670501,1.36168388811296,2.88034772985477
2002,2005,3,"ARIMA(1,1,1)",8.140242,9.11273049981043,0.972488499810424,0.972488499810424,0.94573388226353,2.40044216067297
2002,2006,4,"ARIMA(1,1,1)",9.546193,9.16092106592358,-0.385271934076425,0.385271934076425,0.148434463186989,0.950986046684716
2002,2007,5,"ARIMA(1,1,1)",10.082162,9.21612321025394,-0.866038789746062,0.866038789746062,0.750023185344824,2.13768699999012
2002,2003,1,"ARIMA(2,1,2)",8.435382,8.17151823174698,-0.263863768253021,0.263863768253021,0.0696240881966839,0.651308179080848
2002,2004,2,"ARIMA(2,1,2)",7.879406,7.92102022623677,0.0416142262367725,0.0416142262367725,0.00173174382528528,0.102718482698772
2002,2005,3,"ARIMA(2,1,2)",8.140242,8.55617592720154,0.415933927201539,0.415933927201539,0.173001031797296,1.02667058284338
2002,2006,4,"ARIMA(2,1,2)",9.546193,8.41512935555436,-1.13106364444564,1.13106364444564,1.27930496778665,2.79186114700688
2002,2007,5,"ARIMA(2,1,2)",10.082162,8.14518090029399,-1.93698109970602,1.93698109970602,3.75189578061832,4.78114764037559
2003,2004,1,"Naive",7.879406,8.435382,0.555976,0.555976,0.309109312576,1.36788309876416
2003,2005,2,"Naive",8.140242,8.435382,0.29514,0.29514,0.0871076196,0.726141088408951
2003,2006,3,"Naive",9.546193,8.435382,-1.110811,1.110811,1.233901077721,2.73295896373462
2003,2007,4,"Naive",10.082162,8.435382,-1.64678,1.64678,2.7118843684,4.05161828816864
2003,2008,5,"Naive",9.644324,8.435382,-1.208942,1.208942,1.461540759364,2.9743933716314
2003,2004,1,"Drift",7.879406,8.5863538125,0.7069478125,0.7069478125,0.499775209598535,1.73932321615869
2003,2005,2,"Drift",8.140242,8.737325625,0.597083625,0.597083625,0.35650885524314,1.46902132319801
2003,2006,3,"Drift",9.546193,8.8882974375,-0.6578955625,0.6578955625,0.432826571157192,1.61863861155102
2003,2007,4,"Drift",10.082162,9.03926925,-1.04289275,1.04289275,1.08762528800256,2.56585781859051
2003,2008,5,"Drift",9.644324,9.1902410625,-0.454082937499999,0.454082937499999,0.206191314128628,1.11719278465875
2003,2004,1,"Historical Growth",7.879406,8.6625336427415,0.783127642741504,0.783127642741504,0.613288904825865,1.92675055520584
2003,2005,2,"Historical Growth",8.140242,8.89580212391429,0.755560123914293,0.755560123914293,0.570871100849382,1.85892542772083
2003,2006,3,"Historical Growth",9.546193,9.13535216040944,-0.410840839590561,0.410840839590561,0.168790195475477,1.01080305761041
2003,2007,4,"Historical Growth",10.082162,9.38135290468624,-0.700809095313758,0.700809095313758,0.491133388074488,1.72421996082545
2003,2008,5,"Historical Growth",9.644324,9.63397806421515,-0.0103459357848497,0.0103459357848497,0.000107038387264233,0.0254543913783962
2003,2004,1,"ARIMA(0,1,1)",7.879406,8.07345706807345,0.194051068073446,0.194051068073446,0.0376558170204453,0.477429198948878
2003,2005,2,"ARIMA(0,1,1)",8.140242,8.15280090580798,0.01255890580798,0.01255890580798,0.000157726115093714,0.0308990226083625
2003,2006,3,"ARIMA(0,1,1)",9.546193,8.23214474354251,-1.31404825645749,1.31404825645749,1.72672282029896,3.23298919552051
2003,2007,4,"ARIMA(0,1,1)",10.082162,8.31148858127705,-1.77067341872295,1.77067341872295,3.13528435577203,4.35643668593983
2003,2008,5,"ARIMA(0,1,1)",9.644324,8.39083241901158,-1.25349158098842,1.25349158098842,1.57124114360884,3.0839999353879
2003,2004,1,"ARIMA(1,1,1)",7.879406,8.20409141888407,0.324685418884067,0.324685418884067,0.105420621235922,0.798832497997534
2003,2005,2,"ARIMA(1,1,1)",8.140242,8.3596740075166,0.2194320075166,0.2194320075166,0.0481504059227652,0.539874624821661
2003,2006,3,"ARIMA(1,1,1)",9.546193,8.36642312769537,-1.17976987230463,1.17976987230463,1.39185695159768,2.90262038065789
2003,2007,4,"ARIMA(1,1,1)",10.082162,8.43030456249061,-1.65185743750939,1.65185743750939,2.72863299385508,4.06411044781964
2003,2008,5,"ARIMA(1,1,1)",9.644324,8.47223893163279,-1.1720850683672,1.1720850683672,1.37378340748935,2.88371324541587
2003,2004,1,"ARIMA(2,1,2)",7.879406,8.2087159424268,0.329309942426796,0.329309942426796,0.108445038181139,0.810210340915099
2003,2005,2,"ARIMA(2,1,2)",8.140242,8.68471535164751,0.544473351647509,0.544473351647509,0.296451230654272,1.3395828155282
2003,2006,3,"ARIMA(2,1,2)",9.546193,8.62856716597966,-0.917625834020344,0.917625834020344,0.842037171261531,2.25766016760759
2003,2007,4,"ARIMA(2,1,2)",10.082162,8.43413354224065,-1.64802845775935,1.64802845775935,2.71599779758465,4.0546899032537
2003,2008,5,"ARIMA(2,1,2)",9.644324,8.61749669429044,-1.02682730570956,1.02682730570956,1.05437431575075,2.52633156256682
2004,2005,1,"Naive",8.140242,7.879406,-0.260836,0.260836,0.0680354188960001,0.634666762618404
2004,2006,2,"Naive",9.546193,7.879406,-1.666787,1.666787,2.778178903369,4.0556300099083
2004,2007,3,"Naive",10.082162,7.879406,-2.202756,2.202756,4.852133995536,5.35975102883905
2004,2008,4,"Naive",9.644324,7.879406,-1.764918,1.764918,3.114935546724,4.29440258762957
2004,2009,5,"Naive",10.936414,7.879406,-3.057008,3.057008,9.34529791206399,7.43831898456715
2004,2005,1,"Drift",8.140242,8.00895515151515,-0.131286848484848,0.131286848484848,0.0172362365850834,0.319447465465853
2004,2006,2,"Drift",9.546193,8.1385043030303,-1.4076886969697,1.4076886969697,1.98158746757624,3.4251914156032
2004,2007,3,"Drift",10.082162,8.26805345454546,-1.81410854545454,1.81410854545454,3.2909898146912,4.4140931373814
2004,2008,4,"Drift",9.644324,8.39760260606061,-1.24672139393939,1.24672139393939,1.55431423410618,3.03352539901937
2004,2009,5,"Drift",10.936414,8.52715175757576,-2.40926224242424,2.40926224242424,5.80454455277108,5.86222249880441
2004,2005,1,"Historical Growth",8.140242,8.06838558377414,-0.0718564162258595,0.0718564162258595,0.00516334455282396,0.174841199295445
2004,2006,2,"Historical Growth",9.546193,8.26189765173344,-1.28429534826656,1.28429534826656,1.64941454157912,3.12495043218808
2004,2007,3,"Historical Growth",10.082162,8.46005091092698,-1.62211108907302,1.62211108907302,2.63124438529366,3.94692447940233
2004,2008,4,"Historical Growth",9.644324,8.66295667563247,-0.981367324367529,0.981367324367529,0.963081825336283,2.38786525899732
2004,2009,5,"Historical Growth",10.936414,8.87072892988799,-2.06568507011201,2.06568507011201,4.26705480888367,5.02622972303348
2004,2005,1,"ARIMA(0,1,1)",8.140242,7.8030189255322,-0.337223074467804,0.337223074467804,0.113719401953518,0.820531970098859
2004,2006,2,"ARIMA(0,1,1)",9.546193,7.87778086438725,-1.66841213561275,1.66841213561275,2.78359905425989,4.05958429366575
2004,2007,3,"ARIMA(0,1,1)",10.082162,7.95254280324231,-2.12961919675769,2.12961919675769,4.53527792319888,5.1817943888735
2004,2008,4,"ARIMA(0,1,1)",9.644324,8.02730474209736,-1.61701925790264,1.61701925790264,2.61475128042799,3.93453502394101
2004,2009,5,"ARIMA(0,1,1)",10.936414,8.10206668095242,-2.83434731904758,2.83434731904758,8.03352472499221,6.8965404971556
2004,2005,1,"ARIMA(1,1,1)",8.140242,7.8793674364403,-0.260874563559698,0.260874563559698,0.0680555379124628,0.634760595561664
2004,2006,2,"ARIMA(1,1,1)",9.546193,7.9429144285926,-1.6032785714074,1.6032785714074,2.57050217753416,3.90110115356237
2004,2007,3,"ARIMA(1,1,1)",10.082162,7.98144372818633,-2.10071827181367,2.10071827181367,4.41301725753181,5.11147259099705
2004,2008,4,"ARIMA(1,1,1)",9.644324,8.02921864802619,-1.61510535197381,1.61510535197381,2.60856529797445,3.92987810357802
2004,2009,5,"ARIMA(1,1,1)",10.936414,8.0734968143082,-2.8629171856918,2.8629171856918,8.19629481212943,6.966056763206
2004,2005,1,"ARIMA(2,1,2)",8.140242,8.25133661755958,0.111094617559576,0.111094617559576,0.0123420140507085,0.27031568215609
2004,2006,2,"ARIMA(2,1,2)",9.546193,8.40726257805878,-1.13893042194122,1.13893042194122,1.2971625060232,2.77124815493661
2004,2007,3,"ARIMA(2,1,2)",10.082162,8.16609751074126,-1.91606448925874,1.91606448925874,3.67130312699837,4.66217257727434
2004,2008,4,"ARIMA(2,1,2)",9.644324,8.2308240175483,-1.4134999824517,1.4134999824517,1.99798220039095,3.43933144897096
2004,2009,5,"ARIMA(2,1,2)",10.936414,8.38832073169934,-2.54809326830066,2.54809326830066,6.49277930395914,6.20002647426784
2005,2006,1,"Naive",9.546193,8.140242,-1.405951,1.405951,1.976698214401,3.45812108764896
2005,2007,2,"Naive",10.082162,8.140242,-1.94192,1.94192,3.7710532864,4.77640721655824
2005,2008,3,"Naive",9.644324,8.140242,-1.504082,1.504082,2.262262662724,3.69948716687368
2005,2009,4,"Naive",10.936414,8.140242,-2.796172,2.796172,7.81857785358399,6.87755217492897
2005,2010,5,"Naive",12.007012,8.140242,-3.86677,3.86677,14.9519102329,9.51082852680383
2005,2006,1,"Drift",9.546193,8.27365252941177,-1.27254047058823,1.27254047058823,1.61935924928492,3.12998037358906
2005,2007,2,"Drift",10.082162,8.40706305882353,-1.67509894117647,1.67509894117647,2.80595646273053,4.12012578843843
2005,2008,3,"Drift",9.644324,8.5404735882353,-1.1038504117647,1.1038504117647,1.21848573155311,2.71506502469397
2005,2009,4,"Drift",10.936414,8.67388411764706,-2.26252988235294,2.26252988235294,5.11904146854001,5.56498931868936
2005,2010,5,"Drift",12.007012,8.80729464705882,-3.19971735294117,3.19971735294117,10.2381911387129,7.87012495650431
2005,2006,1,"Historical Growth",9.546193,8.33765147545423,-1.20854152454577,1.20854152454577,1.46057261655142,2.97256656265485
2005,2007,2,"Historical Growth",10.082162,8.53984833941597,-1.54231366058403,1.54231366058403,2.37873142762412,3.79352295594563
2005,2008,3,"Historical Growth",9.644324,8.74694869111838,-0.897375308881616,0.897375308881616,0.805282444990375,2.20721239871021
2005,2009,4,"Historical Growth",10.936414,8.95907144532382,-1.97734255467618,1.97734255467618,3.90988357853333,4.86353364081065
2005,2010,5,"Historical Growth",12.007012,9.17633840060332,-2.83067359939668,2.83067359939668,8.01271302632135,6.96241338874886
2005,2006,1,"ARIMA(0,1,1)",9.546193,8.41474855259199,-1.13144444740801,1.13144444740801,1.28016653757042,2.78293617849055
2005,2007,2,"ARIMA(0,1,1)",10.082162,8.49377104320089,-1.58839095679911,1.58839095679911,2.52298583164119,3.90685611599402
2005,2008,3,"ARIMA(0,1,1)",9.644324,8.57279353380979,-1.07153046619021,1.07153046619021,1.14817753997381,2.63556987490367
2005,2009,4,"ARIMA(0,1,1)",10.936414,8.65181602441869,-2.28459797558131,2.28459797558131,5.21938791003021,5.61926869155315
2005,2010,5,"ARIMA(0,1,1)",12.007012,8.73083851502759,-3.27617348497241,3.27617348497241,10.7333127036363,8.05817885202221
2005,2006,1,"ARIMA(1,1,1)",9.546193,8.29962837920862,-1.24656462079138,1.24656462079138,1.55392335380877,3.06608936035169
2005,2007,2,"ARIMA(1,1,1)",10.082162,8.30286909570885,-1.77929290429115,1.77929290429115,3.16588323926085,4.37640452151846
2005,2008,3,"ARIMA(1,1,1)",9.644324,8.3654723479992,-1.2788516520008,1.2788516520008,1.63546154782518,3.14550355293939
2005,2009,4,"ARIMA(1,1,1)",10.936414,8.40497328728067,-2.53144071271933,2.53144071271933,6.40819208201295,6.22641081430849
2005,2010,5,"ARIMA(1,1,1)",12.007012,8.45338360005645,-3.55362839994354,3.55362839994354,12.6282748048853,8.74061564557585
2005,2006,1,"ARIMA(2,1,2)",9.546193,8.25962780060706,-1.28656519939294,1.28656519939294,1.65525001228899,3.1644760355489
2005,2007,2,"ARIMA(2,1,2)",10.082162,8.09246373773248,-1.98969826226752,1.98969826226752,3.9588991748704,4.89392412595162
2005,2008,3,"ARIMA(2,1,2)",9.644324,8.14367167693214,-1.50065232306786,1.50065232306786,2.25195739472895,3.69105142613815
2005,2009,4,"ARIMA(2,1,2)",10.936414,8.26138619373974,-2.67502780626026,2.67502780626026,7.15577376426559,6.57958212403985
2005,2010,5,"ARIMA(2,1,2)",12.007012,8.22507627944845,-3.78193572055155,3.78193572055155,14.3030377943838,9.30216747765192
2006,2007,1,"Naive",10.082162,9.546193,-0.535969,0.535969,0.287262768961,1.23177599869093
2006,2008,2,"Naive",9.644324,9.546193,-0.0981309999999986,0.0981309999999986,0.00962969316099973,0.22552686914269
2006,2009,3,"Naive",10.936414,9.546193,-1.390221,1.390221,1.932714428841,3.19503713960342
2006,2010,4,"Naive",12.007012,9.546193,-2.460819,2.460819,6.05563015076099,5.65550951887632
2006,2011,5,"Naive",13.161832,9.546193,-3.615639,3.615639,13.072845378321,8.30954279096531
2006,2007,1,"Drift",10.082162,9.71596182857143,-0.366200171428572,0.366200171428572,0.134102565554315,0.841609462267817
2006,2008,2,"Drift",9.644324,9.88573065714286,0.241406657142859,0.241406657142859,0.0582771741128898,0.554806203703543
2006,2009,3,"Drift",10.936414,10.0554994857143,-0.880914514285713,0.880914514285713,0.776010381479234,2.02453753033407
2006,2010,4,"Drift",12.007012,10.2252683142857,-1.78174368571428,1.78174368571428,3.17461056158272,4.09484337318385
2006,2011,5,"Drift",13.161832,10.3950371428571,-2.76679485714286,2.76679485714286,7.65515378151216,6.35871010884973
2006,2007,1,"Historical Growth",10.082162,9.81558628072679,-0.266575719273208,0.266575719273208,0.071062614106028,0.612650307824723
2006,2008,2,"Historical Growth",9.644324,10.0925818317723,0.448257831772317,0.448257831772317,0.200935083745219,1.03019622105453
2006,2009,3,"Historical Growth",10.936414,10.3773941889774,-0.559019811022589,0.559019811022589,0.312503149115731,1.28475189052047
2006,2010,4,"Historical Growth",12.007012,10.6702439423779,-1.33676805762207,1.33676805762207,1.78694883987868,3.072190386376
2006,2011,5,"Historical Growth",13.161832,10.9713579070539,-2.19047409294606,2.19047409294606,4.79817675186786,5.0341967790026
2006,2007,1,"ARIMA(0,1,1)",10.082162,10.4382508830837,0.356088883083739,0.356088883083739,0.126799292655825,0.818371472199346
2006,2008,2,"ARIMA(0,1,1)",9.644324,10.5423530190458,0.898029019045817,0.898029019045817,0.806456119048392,2.06387046972605
2006,2009,3,"ARIMA(0,1,1)",10.936414,10.6464551550079,-0.289958844992105,0.289958844992105,0.0840761317891556,0.666389932756222
2006,2010,4,"ARIMA(0,1,1)",12.007012,10.75055729097,-1.25645470903003,1.25645470903003,1.57867843584374,2.88761244405066
2006,2011,5,"ARIMA(0,1,1)",13.161832,10.854659426932,-2.30717257306795,2.30717257306795,5.32304528191699,5.30239584816119
2006,2007,1,"ARIMA(1,1,1)",10.082162,10.1490228944464,0.0668608944463873,0.0668608944463873,0.00447037920617095,0.153661209939507
2006,2008,2,"ARIMA(1,1,1)",9.644324,10.025456735705,0.381132735705016,0.381132735705016,0.14526216222599,0.875927817013397
2006,2009,3,"ARIMA(1,1,1)",10.936414,10.1501605130868,-0.786253486913186,0.786253486913186,0.618194545683143,1.80698543025197
2006,2010,4,"ARIMA(1,1,1)",12.007012,10.1906382005075,-1.81637379949249,1.81637379949249,3.29921377948279,4.1744310787861
2006,2011,5,"ARIMA(1,1,1)",13.161832,10.2597592908234,-2.90207270917659,2.90207270917659,8.42202600934753,6.66960870800305
2006,2007,1,"ARIMA(2,1,2)",10.082162,9.76579066038632,-0.316371339613676,0.316371339613676,0.100090824528952,0.727091721367885
2006,2008,2,"ARIMA(2,1,2)",9.644324,9.10391826754195,-0.540405732458048,0.540405732458048,0.292038355673519,1.24197259691664
2006,2009,3,"ARIMA(2,1,2)",10.936414,9.24358558999681,-1.69282841000319,1.69282841000319,2.86566802571391,3.89049628867352
2006,2010,4,"ARIMA(2,1,2)",12.007012,9.57745829353345,-2.42955370646655,2.42955370646655,5.90273121260536,5.583654918766
2006,2011,5,"ARIMA(2,1,2)",13.161832,9.44809967562747,-3.71373232437253,3.71373232437253,13.7918077770894,8.5349830731344
2007,2008,1,"Naive",9.644324,10.082162,0.437838000000001,0.437838000000001,0.191702114244001,0.999812116994915
2007,2009,2,"Naive",10.936414,10.082162,-0.854251999999999,0.854251999999999,0.729746479503998,1.95070208745503
2007,2010,3,"Naive",12.007012,10.082162,-1.92485,1.92485,3.7050475225,4.39543473475956
2007,2011,4,"Naive",13.161832,10.082162,-3.07967,3.07967,9.4843673089,7.03249005875626
2007,2012,5,"Naive",15.237588,10.082162,-5.155426,5.155426,26.578417241476,11.7725217616347
2007,2008,1,"Drift",9.644324,10.2621030555556,0.617779055555557,0.617779055555557,0.381650961483116,1.41071123422389
2007,2009,2,"Drift",10.936414,10.4420441111111,-0.494369888888889,0.494369888888889,0.244401587040012,1.12890385299709
2007,2010,3,"Drift",12.007012,10.6219851666667,-1.38502683333333,1.38502683333333,1.91829932905336,3.16273738307264
2007,2011,4,"Drift",13.161832,10.8019262222222,-2.35990577777778,2.35990577777778,5.56915527998894,5.38889358984036
2007,2012,5,"Drift",15.237588,10.9818672777778,-4.25572072222222,4.25572072222222,18.1111588655516,9.71802617548983
2007,2008,1,"Historical Growth",9.644324,10.374399495485,0.730075495485,0.730075495485,0.533010229107668,1.66714247440142
2007,2009,2,"Historical Growth",10.936414,10.6751076695573,-0.261306330442681,0.261306330442681,0.0682809983294194,0.596698403117291
2007,2010,3,"Historical Growth",12.007012,10.9845320499019,-1.02247995009806,1.02247995009806,1.04546524835253,2.33485408642555
2007,2011,4,"Historical Growth",13.161832,11.3029252809706,-1.85890671902936,1.85890671902936,3.4555341900525,4.24485189053671
2007,2012,5,"Historical Growth",15.237588,11.6305473302657,-3.60704066973429,3.60704066973429,13.0107423931172,8.23675187647894
2007,2008,1,"ARIMA(0,1,1)",9.644324,9.91911459061388,0.274790590613881,0.274790590613881,0.0755098686899254,0.627489989749511
2007,2009,2,"ARIMA(0,1,1)",10.936414,10.014614181466,-0.921799818533984,0.921799818533984,0.849714905449285,2.10494892634716
2007,2010,3,"ARIMA(0,1,1)",12.007012,10.1101137723182,-1.89689822768185,1.89689822768185,3.59822288618254,4.33160628529841
2007,2011,4,"ARIMA(0,1,1)",13.161832,10.2056133631703,-2.95621863682971,2.95621863682971,8.73922862873932,6.75058632094183
2007,2012,5,"ARIMA(0,1,1)",15.237588,10.3011129540224,-4.93647504597758,4.93647504597758,24.3687858795593,11.272542735467
2007,2008,1,"ARIMA(1,1,1)",9.644324,9.90664457704636,0.262320577046358,0.262320577046358,0.0688120851419343,0.599014456187097
2007,2009,2,"ARIMA(1,1,1)",10.936414,10.0476277356077,-0.888786264392305,0.888786264392305,0.789941023772428,2.02956179353567
2007,2010,3,"ARIMA(1,1,1)",12.007012,10.0797278801627,-1.92728411983726,1.92728411983726,3.71442407857688,4.4009930976872
2007,2011,4,"ARIMA(1,1,1)",13.161832,10.1488292870379,-3.0130027129621,3.0130027129621,9.078185348317,6.88025393172373
2007,2012,5,"ARIMA(1,1,1)",15.237588,10.2053061429345,-5.0322818570655,5.0322818570655,25.3238606889505,11.4913195675746
2007,2008,1,"ARIMA(2,1,2)",9.644324,9.49005940697411,-0.154264593025889,0.154264593025889,0.0237975646614432,0.352266384668697
2007,2009,2,"ARIMA(2,1,2)",10.936414,9.4948191847796,-1.4415948152204,1.4415948152204,2.07819561127035,3.2919115381817
2007,2010,3,"ARIMA(2,1,2)",12.007012,9.82616917313409,-2.18084282686591,2.18084282686591,4.75607543549249,4.97999964270341
2007,2011,4,"ARIMA(2,1,2)",13.161832,9.77230108726994,-3.38953091273006,3.38953091273006,11.4889198083527,7.74006385347169
2007,2012,5,"ARIMA(2,1,2)",15.237588,9.67482503660551,-5.56276296339449,5.56276296339449,30.9443317869135,12.7026841315106
2008,2009,1,"Naive",10.936414,9.644324,-1.29209,1.29209,1.6694965681,2.95052918699833
2008,2010,2,"Naive",12.007012,9.644324,-2.362688,2.362688,5.582294585344,5.3952742485204
2008,2011,3,"Naive",13.161832,9.644324,-3.517508,3.517508,12.372862530064,8.03234296333857
2008,2012,4,"Naive",15.237588,9.644324,-5.593264,5.593264,31.284602173696,12.7723987358365
2008,2013,5,"Naive",16.581539,9.644324,-6.937215,6.937215,48.124951956225,15.8413541889362
2008,2009,1,"Drift",10.936414,9.80756832432432,-1.12884567567568,1.12884567567568,1.27429255949167,2.57775550750949
2008,2010,2,"Drift",12.007012,9.97081264864865,-2.03619935135135,2.03619935135135,4.14610779844366,4.64972688954271
2008,2011,3,"Drift",13.161832,10.134056972973,-3.02777502702703,3.02777502702703,9.16742161428852,6.91402192487204
2008,2012,4,"Drift",15.237588,10.2973012972973,-4.9402867027027,4.9402867027027,24.4064327049011,11.2813040178812
2008,2013,5,"Drift",16.581539,10.4605456216216,-6.12099337837838,6.12099337837838,37.4665599381519,13.977485791492
2008,2009,1,"Historical Growth",10.936414,9.90431786769898,-1.03209613230102,1.03209613230102,1.06522242631073,2.35682480488376
2008,2010,2,"Historical Growth",12.007012,10.1713207088876,-1.83569129111244,1.83569129111244,3.36976251626607,4.19186026727698
2008,2011,3,"Historical Growth",13.161832,10.4455214730583,-2.71631052694168,2.71631052694168,7.37834287877419,6.20278269369181
2008,2012,4,"Historical Growth",15.237588,10.727114203447,-4.51047379655299,4.51047379655299,20.3443738693912,10.2998123845249
2008,2013,5,"Historical Growth",16.581539,11.0162981743508,-5.56524082564919,5.56524082564919,30.9719054474724,12.7084069134136
2008,2009,1,"ARIMA(0,1,1)",10.936414,9.52553135050643,-1.41088264949357,1.41088264949357,1.99058985064198,3.22179603337252
2008,2010,2,"ARIMA(0,1,1)",12.007012,9.61570661652579,-2.39130538347421,2.39130538347421,5.71834143703274,5.46062296664079
2008,2011,3,"ARIMA(0,1,1)",13.161832,9.70588188254514,-3.45595011745486,3.45595011745486,11.9435912143362,7.89177355320517
2008,2012,4,"ARIMA(0,1,1)",15.237588,9.7960571485645,-5.4415308514355,5.4415308514355,29.6102580071244,12.4259111974493
2008,2013,5,"ARIMA(0,1,1)",16.581539,9.88623241458385,-6.69530658541615,6.69530658541615,44.8271302727168,15.2889485222953
2008,2009,1,"ARIMA(1,1,1)",10.936414,9.6440127777057,-1.2924012222943,1.2924012222943,1.67030091938779,2.95123987314478
2008,2010,2,"ARIMA(1,1,1)",12.007012,9.72154534173635,-2.28546665826365,2.28546665826365,5.2233578460348,5.2189368241519
2008,2011,3,"ARIMA(1,1,1)",13.161832,9.77121112719133,-3.39062087280867,3.39062087280867,11.4963099031258,7.74259211608149
2008,2012,4,"ARIMA(1,1,1)",15.237588,9.8301690739911,-5.4074189260089,5.4074189260089,29.2401794413593,12.3480155155728
2008,2013,5,"ARIMA(1,1,1)",16.581539,9.88595454923724,-6.69558445076276,6.69558445076276,44.830851137296,15.2895830367759
2008,2009,1,"ARIMA(2,1,2)",10.936414,9.68955076122954,-1.24686323877046,1.24686323877046,1.55466793619717,2.84725241909428
2008,2010,2,"ARIMA(2,1,2)",12.007012,9.95985563233294,-2.04715636766706,2.04715636766706,4.19084919367981,4.67474758968118
2008,2011,3,"ARIMA(2,1,2)",13.161832,9.9019151087265,-3.2599168912735,3.2599168912735,10.6270581380103,7.44412535883052
2008,2012,4,"ARIMA(2,1,2)",15.237588,9.83979525877473,-5.39779274122527,5.39779274122527,29.1361664772242,12.3260338121593
2008,2013,5,"ARIMA(2,1,2)",16.581539,9.93558269015866,-6.64595630984134,6.64595630984134,44.1687352723199,15.1762555763937
2009,2010,1,"Naive",12.007012,10.936414,-1.070598,1.070598,1.146180077604,2.32538377409209
2009,2011,2,"Naive",13.161832,10.936414,-2.225418,2.225418,4.95248527472401,4.8337012658089
2009,2012,3,"Naive",15.237588,10.936414,-4.301174,4.301174,18.500097778276,9.3423303883874
2009,2013,4,"Naive",16.581539,10.936414,-5.645125,5.645125,31.867436265625,12.261448347299
2009,2014,5,"Naive",16.183773,10.936414,-5.247359,5.247359,27.534776474881,11.3974839065981
2009,2010,1,"Drift",12.007012,11.1293647894737,-0.877647210526316,0.877647210526316,0.770264626144624,1.90628656389707
2009,2011,2,"Drift",13.161832,11.3223155789474,-1.83951642105263,1.83951642105263,3.38382066332229,3.99550684541886
2009,2012,3,"Drift",15.237588,11.5152663684211,-3.72232163157895,3.72232163157895,13.8556783289206,8.08503875780235
2009,2013,4,"Drift",16.581539,11.7082171578947,-4.87332184210526,4.87332184210526,23.7492657767402,10.5850595065189
2009,2014,5,"Drift",16.183773,11.9011679473684,-4.28260505263158,4.28260505263158,18.3407060368255,9.301997855623
2009,2010,1,"Historical Growth",12.007012,11.2605764842889,-0.746435515711124,0.746435515711124,0.557165979114931,1.62128925763051
2009,2011,2,"Historical Growth",13.161832,11.5943473572342,-1.56748464276575,1.56748464276575,2.45700810530648,3.40464240959353
2009,2012,3,"Historical Growth",15.237588,11.9380114177782,-3.29957658222185,3.29957658222185,10.8872056219468,7.1668187738749
2009,2013,4,"Historical Growth",16.581539,12.2918619064901,-4.28967709350992,4.28967709350992,18.4013295665837,9.31735862512585
2009,2014,5,"Historical Growth",16.183773,12.6562007557823,-3.52757224421767,3.52757224421767,12.4437659381749,7.66203491753337
2009,2010,1,"ARIMA(0,1,1)",12.007012,12.0794421271317,0.0724301271317138,0.0724301271317138,0.00524612331631623,0.157321275014071
2009,2011,2,"ARIMA(0,1,1)",13.161832,12.2019133593538,-0.959918640646169,0.959918640646169,0.921443796659989,2.08498356190385
2009,2012,3,"ARIMA(0,1,1)",15.237588,12.324384591576,-2.91320340842405,2.91320340842405,8.48675409885349,6.32760002968346
2009,2013,4,"ARIMA(0,1,1)",16.581539,12.4468558237981,-4.13468317620193,4.13468317620193,17.0956049675673,8.98070533379616
2009,2014,5,"ARIMA(0,1,1)",16.183773,12.5693270560202,-3.61444594397981,3.61444594397981,13.0642194819521,7.85072823829637
2009,2010,1,"ARIMA(1,1,1)",12.007012,11.6234401707924,-0.383571829207584,0.383571829207584,0.147127348161652,0.833134106208062
2009,2011,2,"ARIMA(1,1,1)",13.161832,11.461153798725,-1.70067820127504,1.70067820127504,2.89230634429209,3.69394440695489
2009,2012,3,"ARIMA(1,1,1)",15.237588,11.6148241338769,-3.62276386612312,3.62276386612312,13.1244180296873,7.86879511417901
2009,2013,4,"ARIMA(1,1,1)",16.581539,11.6517720706594,-4.92976692934063,4.92976692934063,24.3026019776205,10.7076606042086
2009,2014,5,"ARIMA(1,1,1)",16.183773,11.7319478587132,-4.45182514128677,4.45182514128677,19.818747088593,9.66955098799314
2009,2010,1,"ARIMA(2,1,2)",12.007012,11.6741127656654,-0.332899234334599,0.332899234334599,0.110821900220562,0.723071104120647
2009,2011,2,"ARIMA(2,1,2)",13.161832,10.915269847697,-2.24656215230298,2.24656215230298,5.04704150416021,4.87962725173665
2009,2012,3,"ARIMA(2,1,2)",15.237588,10.91325758665,-4.32433041335,4.32433041335,18.6998335238237,9.39262708973585
2009,2013,4,"ARIMA(2,1,2)",16.581539,11.3508672079057,-5.23067179209432,5.23067179209432,27.3599273966112,11.3612385908972
2009,2014,5,"ARIMA(2,1,2)",16.183773,11.2389909242087,-4.94478207579125,4.94478207579125,24.4508697770664,10.740274132276
2010,2011,1,"Naive",13.161832,12.007012,-1.15482,1.15482,1.3336092324,2.42587603691461
2010,2012,2,"Naive",15.237588,12.007012,-3.230576,3.230576,10.436621291776,6.78631899675401
2010,2013,3,"Naive",16.581539,12.007012,-4.574527,4.574527,20.926297273729,9.60949362629578
2010,2014,4,"Naive",16.183773,12.007012,-4.176761,4.176761,17.445332451121,8.77392530595202
2010,2015,5,"Naive",17.200829,12.007012,-5.193817,5.193817,26.975735029489,10.9104069901974
2010,2011,1,"Drift",13.161832,12.2224665641026,-0.939365435897436,0.939365435897436,0.88240742215878,1.97328077176481
2010,2012,2,"Drift",15.237588,12.4379211282051,-2.79966687179487,2.79966687179487,7.83813459302569,5.88112846645441
2010,2013,3,"Drift",16.581539,12.6533756923077,-3.92816330769231,3.92816330769231,15.4304669719002,8.25170783084637
2010,2014,4,"Drift",16.183773,12.8688302564103,-3.31494274358974,3.31494274358974,10.9888453932783,6.96354424535282
2010,2015,5,"Drift",17.200829,13.0842848205128,-4.11654417948718,4.11654417948718,16.9459359816698,8.64743066444837
2010,2011,1,"Historical Growth",13.161832,12.3832703192507,-0.778561680749254,0.778561680749254,0.606158290731103,1.6354878895322
2010,2012,2,"Historical Growth",15.237588,12.7713192757396,-2.46626872426042,2.46626872426042,6.08248142026511,5.18077466512125
2010,2013,3,"Historical Growth",16.581539,13.1715283473474,-3.41001065265256,3.41001065265256,11.6281726512039,7.16324892874508
2010,2014,4,"Historical Growth",16.183773,13.584278590117,-2.59949440988304,2.59949440988304,6.75737118701318,5.46063559431666
2010,2015,5,"Historical Growth",17.200829,14.0099630010721,-3.1908659989279,3.1908659989279,10.1816258231142,6.70290206595383
2010,2011,1,"ARIMA(0,1,1)",13.161832,12.0294282642627,-1.13240373573728,1.13240373573728,1.28233822071175,2.37878724531758
2010,2012,2,"ARIMA(0,1,1)",15.237588,12.1481847441686,-3.08940325583137,3.08940325583137,9.54441247714149,6.48976405559941
2010,2013,3,"ARIMA(0,1,1)",16.581539,12.2669412240745,-4.31459777592547,4.31459777592547,18.615753968021,9.06347253558361
2010,2014,4,"ARIMA(0,1,1)",16.183773,12.3856977039804,-3.79807529601956,3.79807529601956,14.425375954234,7.97843806568228
2010,2015,5,"ARIMA(0,1,1)",17.200829,12.5044541838863,-4.69637481611365,4.69637481611365,22.0559364134265,9.86545360037008
2010,2011,1,"ARIMA(1,1,1)",13.161832,11.9834855707872,-1.17834642921282,1.17834642921282,1.38850030723861,2.47529689978637
2010,2012,2,"ARIMA(1,1,1)",15.237588,12.0909367372655,-3.14665126273454,3.14665126273454,9.90141416926886,6.61002225004314
2010,2013,3,"ARIMA(1,1,1)",16.581539,12.1513288212158,-4.43021017878418,4.43021017878418,19.6267622282029,9.3063340704246
2010,2014,4,"ARIMA(1,1,1)",16.183773,12.2277224574745,-3.95605054252552,3.95605054252552,15.6503358950165,8.31028923289839
2010,2015,5,"ARIMA(1,1,1)",17.200829,12.2985729091518,-4.90225609084816,4.90225609084816,24.0321147802579,10.2979387069909
2010,2011,1,"ARIMA(2,1,2)",13.161832,11.3151881215594,-1.84664387844056,1.84664387844056,3.41009361378199,3.87915790636118
2010,2012,2,"ARIMA(2,1,2)",15.237588,11.1592320160835,-4.07835598391647,4.07835598391647,16.6329875315473,8.56721051886032
2010,2013,3,"ARIMA(2,1,2)",16.581539,11.6241593065008,-4.95737969349923,4.95737969349923,24.5756134255185,10.4137342653807
2010,2014,4,"ARIMA(2,1,2)",16.183773,11.589661218202,-4.59411178179798,4.59411178179798,21.105863063655,9.65063445590725
2010,2015,5,"ARIMA(2,1,2)",17.200829,11.4302266753283,-5.77060232467168,5.77060232467168,33.2998511895062,12.122032782585
2011,2012,1,"Naive",15.237588,13.161832,-2.075756,2.075756,4.308762971536,4.21035678854811
2011,2013,2,"Naive",16.581539,13.161832,-3.419707,3.419707,11.694395965849,6.93635792564033
2011,2014,3,"Naive",16.183773,13.161832,-3.021941,3.021941,9.13212740748099,6.12954981411199
2011,2015,4,"Naive",17.200829,13.161832,-4.038997,4.038997,16.313496766009,8.1924939337164
2011,2016,5,"Naive",16.930561,13.161832,-3.768729,3.768729,14.203318275441,7.64429621272833
2011,2012,1,"Drift",15.237588,13.4007707,-1.8368173,1.8368173,3.37389779357929,3.72570580953523
2011,2013,2,"Drift",16.581539,13.6397094,-2.9418296,2.9418296,8.65436139543615,5.96705596761457
2011,2014,3,"Drift",16.183773,13.8786481,-2.3051249,2.3051249,5.3136008046,4.67559687707335
2011,2015,4,"Drift",17.200829,14.1175868,-3.0832422,3.0832422,9.50638246386083,6.25389001766489
2011,2016,5,"Drift",16.930561,14.3565255,-2.5740355,2.5740355,6.62565875526025,5.22104131766394
2011,2012,1,"Historical Growth",15.237588,13.5949863716915,-1.64260162830846,1.64260162830846,2.69814010932162,3.33176872263826
2011,2013,2,"Historical Growth",16.581539,14.0423958037512,-2.53914319624877,2.53914319624877,6.44724817105644,5.15026756199754
2011,2014,3,"Historical Growth",16.183773,14.5045294285701,-1.67924357142985,1.67924357142985,2.81985897218847,3.40609135688175
2011,2015,4,"Historical Growth",17.200829,14.9818718176322,-2.21895718236777,2.21895718236777,4.92377097718152,4.50081870715042
2011,2016,5,"Historical Growth",16.930561,15.474923489613,-1.45563751038703,1.45563751038703,2.11888056164576,2.95254031472067
2011,2012,1,"ARIMA(0,1,1)",15.237588,14.0330084065342,-1.20457959346576,1.20457959346576,1.45101199699414,2.44330733896233
2011,2013,2,"ARIMA(0,1,1)",16.581539,14.1690509166132,-2.41248808338682,2.41248808338682,5.82009875248342,4.89336684040856
2011,2014,3,"ARIMA(0,1,1)",16.183773,14.3050934266921,-1.87867957330788,1.87867957330788,3.5294369391643,3.81061709323423
2011,2015,4,"ARIMA(0,1,1)",17.200829,14.4411359367711,-2.75969306322894,2.75969306322894,7.61590580323395,5.59761957719265
2011,2016,5,"ARIMA(0,1,1)",16.930561,14.57717844685,-2.35338255315001,2.35338255315001,5.53840944147085,4.77348022055858
2011,2012,1,"ARIMA(1,1,1)",15.237588,13.8386816583627,-1.39890634163733,1.39890634163733,1.95693895267314,2.8374697276827
2011,2013,2,"ARIMA(1,1,1)",16.581539,13.7124118272033,-2.86912717279674,2.86912717279674,8.23189073368059,5.81959010075971
2011,2014,3,"ARIMA(1,1,1)",16.183773,13.8683875471906,-2.31538545280943,2.31538545280943,5.36100979508153,4.69640885505893
2011,2015,4,"ARIMA(1,1,1)",17.200829,13.9253546178994,-3.27547438210062,3.27547438210062,10.7287324277975,6.64380389621553
2011,2016,5,"ARIMA(1,1,1)",16.930561,14.0170718507536,-2.91348914924641,2.91348914924641,8.4884190227766,5.90957165384124
2011,2012,1,"ARIMA(2,1,2)",15.237588,13.7140309444404,-1.52355705555962,1.52355705555962,2.32122610154549,3.09030482947697
2011,2013,2,"ARIMA(2,1,2)",16.581539,13.3268824422336,-3.25465655776636,3.25465655776636,10.5927893090116,6.60157809125167
2011,2014,3,"ARIMA(2,1,2)",16.183773,13.3347867393116,-2.84898626068842,2.84898626068842,8.11672271359138,5.77873730976558
2011,2015,4,"ARIMA(2,1,2)",17.200829,13.5767684315142,-3.62406056848578,3.62406056848578,13.1338150040535,7.35085820136549
2011,2016,5,"ARIMA(2,1,2)",16.930561,13.5645819652784,-3.36597903472159,3.36597903472159,11.3298148621853,6.82737888217626
2012,2013,1,"Naive",16.581539,15.237588,-1.343951,1.343951,1.806204290401,2.52805122463369
2012,2014,2,"Naive",16.183773,15.237588,-0.946184999999998,0.946184999999998,0.895266054224996,1.77982988068763
2012,2015,3,"Naive",17.200829,15.237588,-1.963241,1.963241,3.85431522408099,3.69297229906527
2012,2016,4,"Naive",16.930561,15.237588,-1.692973,1.692973,2.866157578729,3.1845822250378
2012,2017,5,"Naive",19.590477,15.237588,-4.352889,4.352889,18.947642646321,8.18804135503788
2012,2013,1,"Drift",16.581539,15.5213271219512,-1.06021187804878,1.06021187804878,1.12404922635572,1.99432117441216
2012,2014,2,"Drift",16.183773,15.8050662439024,-0.378706756097559,0.378706756097559,0.143418807113936,0.712369780244582
2012,2015,3,"Drift",17.200829,16.0888053658537,-1.11202363414634,1.11202363414634,1.23659656290003,2.09178214840069
2012,2016,4,"Drift",16.930561,16.3725444878049,-0.55801651219512,0.55801651219512,0.311382427882407,1.04966202415169
2012,2017,5,"Drift",19.590477,16.6562836097561,-2.9341933902439,2.9341933902439,8.609490851351,5.51939110393026
2012,2013,1,"Historical Growth",16.581539,15.7829031214038,-0.79863587859619,0.79863587859619,0.637819266581109,1.50228126689254
2012,2014,2,"Historical Growth",16.183773,16.3477337055982,0.163960705598164,0.163960705598164,0.0268831129802479,0.308419773175691
2012,2015,3,"Historical Growth",17.200829,16.9327781621319,-0.268050837868078,0.268050837868078,0.0718512516817785,0.504219461078923
2012,2016,4,"Historical Growth",16.930561,17.538759894883,0.608198894882978,0.608198894882978,0.369905895736876,1.14405805050167
2012,2017,5,"Historical Growth",19.590477,18.1664281965427,-1.42404880345731,1.42404880345731,2.02791499462821,2.67871992469845
2012,2013,1,"ARIMA(0,1,1)",16.581539,16.1745431673726,-0.40699583262737,0.40699583262737,0.165645607776046,0.765583204368634
2012,2014,2,"ARIMA(0,1,1)",16.183773,16.3371911924666,0.153418192466596,0.153418192466596,0.0235371417797174,0.288588683178378
2012,2015,3,"ARIMA(0,1,1)",17.200829,16.4998392175606,-0.700989782439446,0.700989782439446,0.491386675084502,1.31860319159831
2012,2016,4,"ARIMA(0,1,1)",16.930561,16.6624872426545,-0.268073757345487,0.268073757345487,0.071863539377327,0.504262573969894
2012,2017,5,"ARIMA(0,1,1)",19.590477,16.8251352677485,-2.76534173225152,2.76534173225152,7.64711489613186,5.20177116036903
2012,2013,1,"ARIMA(1,1,1)",16.581539,15.7907550065439,-0.790783993456094,0.790783993456094,0.625339324306367,1.48751140709549
2012,2014,2,"ARIMA(1,1,1)",16.183773,15.7520037233332,-0.431769276666811,0.431769276666811,0.186424708273381,0.812183516093023
2012,2015,3,"ARIMA(1,1,1)",17.200829,15.8969556885332,-1.30387331146678,1.30387331146678,1.70008561235533,2.45266272492134
2012,2016,4,"ARIMA(1,1,1)",16.930561,15.9842589578341,-0.946302042165932,0.946302042165932,0.895487555007414,1.780050043916
2012,2017,5,"ARIMA(1,1,1)",19.590477,16.0895885280021,-3.50088847199794,3.50088847199794,12.2562200933681,6.58537803010702
2012,2013,1,"ARIMA(2,1,2)",16.581539,15.4208111408677,-1.16072785913235,1.16072785913235,1.34728916296596,2.18339767279162
2012,2014,2,"ARIMA(2,1,2)",16.183773,14.8465514006748,-1.33722159932518,1.33722159932518,1.78816160570179,2.51539282442636
2012,2015,3,"ARIMA(2,1,2)",17.200829,15.1773126470357,-2.02351635296429,2.02351635296429,4.09461843071392,3.8063537987454
2012,2016,4,"ARIMA(2,1,2)",16.930561,15.3767238987638,-1.55383710123618,1.55383710123618,2.41440973717805,2.92285938003795
2012,2017,5,"ARIMA(2,1,2)",19.590477,15.2533318395101,-4.33714516048992,4.33714516048992,18.8108281431612,8.15842626285529
2013,2014,1,"Naive",16.183773,16.581539,0.397766000000001,0.397766000000001,0.158217790756001,0.721955051090133
2013,2015,2,"Naive",17.200829,16.581539,-0.619289999999999,0.619289999999999,0.383520104099999,1.12402654724036
2013,2016,3,"Naive",16.930561,16.581539,-0.349022000000001,0.349022000000001,0.121816356484001,0.633483494923098
2013,2017,4,"Naive",19.590477,16.581539,-3.008938,3.008938,9.053707887844,5.46129630867656
2013,2018,5,"Naive",20.911025,16.581539,-4.329486,4.329486,18.744449024196,7.85812333463396
2013,2014,1,"Drift",16.183773,16.8905212619048,0.706748261904764,0.706748261904764,0.499493105705405,1.28276543880401
2013,2015,2,"Drift",17.200829,17.1995035238095,-0.00132547619047685,0.00132547619047685,1.75688713152102e-06,0.00240577181260959
2013,2016,3,"Drift",16.930561,17.5084857857143,0.577924785714284,0.577924785714284,0.333997057942901,1.04894766821852
2013,2017,4,"Drift",19.590477,17.817468047619,-1.77300895238095,1.77300895238095,3.143560745223,3.21805475782106
2013,2018,5,"Drift",20.911025,18.1264503095238,-2.78457469047619,2.78457469047619,7.75385620684057,5.05407139606459
2013,2014,1,"Historical Growth",16.183773,17.1951483878461,1.01137538784608,1.01137538784608,1.0228801751408,1.83567114787014
2013,2015,2,"Historical Growth",17.200829,17.8314647440172,0.630635744017155,0.630635744017155,0.397701441632071,1.14461935105356
2013,2016,3,"Historical Growth",16.930561,18.4913283529364,1.5607673529364,1.5607673529364,2.4359947299921,2.83283104646704
2013,2017,4,"Historical Growth",19.590477,19.1756105942354,-0.414866405764638,0.414866405764638,0.172114134632069,0.752992707193145
2013,2018,5,"Historical Growth",20.911025,19.88521509345,-1.02580990654997,1.02580990654997,1.05228596437606,1.86187015353762
2013,2014,1,"ARIMA(0,1,1)",16.183773,16.9679642135172,0.7841912135172,0.7841912135172,0.614955859357579,1.42332629641358
2013,2015,2,"ARIMA(0,1,1)",17.200829,17.1347569216479,-0.0660720783520858,0.0660720783520858,0.00436551953776417,0.119922443603303
2013,2016,3,"ARIMA(0,1,1)",16.930561,17.3015496297786,0.37098862977863,0.37098862977863,0.137632563425025,0.673353467027571
2013,2017,4,"ARIMA(0,1,1)",19.590477,17.4683423379093,-2.12213466209066,2.12213466209066,4.50345552404662,3.85172648841228
2013,2018,5,"ARIMA(0,1,1)",20.911025,17.6351350460401,-3.27588995395994,3.27588995395994,10.7314549904556,5.94582065605606
2013,2014,1,"ARIMA(1,1,1)",16.183773,16.91157005983,0.727797059829999,0.727797059829999,0.529688560297192,1.32096952357118
2013,2015,2,"ARIMA(1,1,1)",17.200829,16.9589146139106,-0.24191438608938,0.24191438608938,0.0585225701970018,0.439080547278039
2013,2016,3,"ARIMA(1,1,1)",16.930561,17.0868160973597,0.156255097359718,0.156255097359718,0.0244156554508951,0.283606836173602
2013,2017,4,"ARIMA(1,1,1)",19.590477,17.1907261222061,-2.39975087779393,2.39975087779393,5.75880427547276,4.35560673255459
2013,2018,5,"ARIMA(1,1,1)",20.911025,17.3016881729418,-3.60933682705819,3.60933682705819,13.0273123311585,6.55103491344231
2013,2014,1,"ARIMA(2,1,2)",16.183773,16.4550460533054,0.271273053305425,0.271273053305425,0.0735890694496479,0.492367248730394
2013,2015,2,"ARIMA(2,1,2)",17.200829,16.375576985404,-0.825252014596025,0.825252014596025,0.681040887594797,1.49785265799467
2013,2016,3,"ARIMA(2,1,2)",16.930561,16.6027227812588,-0.327838218741242,0.327838218741242,0.10747789766743,0.595034412093118
2013,2017,4,"ARIMA(2,1,2)",19.590477,16.6616774412412,-2.92879955875884,2.92879955875884,8.57786685538597,5.31584307124413
2013,2018,5,"ARIMA(2,1,2)",20.911025,16.6743511137681,-4.23667388623185,4.23667388623185,17.9494056182789,7.68966707055591
2014,2015,1,"Naive",17.200829,16.183773,-1.017056,1.017056,1.034402907136,1.85799569877562
2014,2016,2,"Naive",16.930561,16.183773,-0.746788000000002,0.746788000000002,0.557692316944003,1.36426007210739
2014,2017,3,"Naive",19.590477,16.183773,-3.406704,3.406704,11.605632143616,6.22349347430399
2014,2018,4,"Naive",20.911025,16.183773,-4.727252,4.727252,22.346911471504,8.63591963768806
2014,2019,5,"Naive",22.104045,16.183773,-5.920272,5.920272,35.049620553984,10.8153729112082
2014,2015,1,"Drift",17.200829,16.476319255814,-0.724509744186047,0.724509744186047,0.524914369420532,1.32356132643503
2014,2016,2,"Drift",16.930561,16.7688655116279,-0.161695488372096,0.161695488372096,0.0261454309598908,0.295391327426198
2014,2017,3,"Drift",19.590477,17.0614117674419,-2.52906523255814,2.52906523255814,6.39617095053437,4.6201903572822
2014,2018,4,"Drift",20.911025,17.3539580232558,-3.55706697674418,3.55706697674418,12.652725477044,6.49818214832566
2014,2019,5,"Drift",22.104045,17.6465042790698,-4.45754072093023,4.45754072093023,19.8696692787512,8.1432010495052
2014,2015,1,"Historical Growth",17.200829,16.7590205476055,-0.441808452394486,0.441808452394486,0.195194708607211,0.80711210024981
2014,2016,2,"Historical Growth",16.930561,17.3547151035215,0.424154103521523,0.424154103521523,0.179906703534147,0.774860479620612
2014,2017,3,"Historical Growth",19.590477,17.9715834507662,-1.61889354923379,1.61889354923379,2.62081632375077,2.95745490046957
2014,2018,4,"Historical Growth",20.911025,18.6103782056507,-2.3006467943493,2.3006467943493,5.29297567234973,4.20290706539555
2014,2019,5,"Historical Growth",22.104045,19.271878736016,-2.832166263984,2.832166263984,8.02116574684909,5.17390658596941
2014,2015,1,"ARIMA(0,1,1)",17.200829,15.7579616807689,-1.44286731923106,1.44286731923106,2.08186610090503,2.63588364164336
2014,2016,2,"ARIMA(0,1,1)",16.930561,15.9095669936274,-1.02099400637265,1.02099400637265,1.04242876104887,1.86518979516966
2014,2017,3,"ARIMA(0,1,1)",19.590477,16.0611723064858,-3.52930469351423,3.52930469351423,12.4559916196616,6.44746497756079
2014,2018,4,"ARIMA(0,1,1)",20.911025,16.2127776193442,-4.69824738065581,4.69824738065581,22.0735284498392,8.58293292113938
2014,2019,5,"ARIMA(0,1,1)",22.104045,16.3643829322026,-5.7396620677974,5.7396620677974,32.9437206525123,10.4854279748541
2014,2015,1,"ARIMA(1,1,1)",17.200829,15.8303383251344,-1.37049067486565,1.37049067486565,1.87824468989369,2.50366329790343
2014,2016,2,"ARIMA(1,1,1)",16.930561,16.0681637277953,-0.862397272204699,0.862397272204699,0.743729055106106,1.57545938708602
2014,2017,3,"ARIMA(1,1,1)",19.590477,16.1283659733104,-3.46211102668956,3.46211102668956,11.9862127611254,6.32471308981301
2014,2018,4,"ARIMA(1,1,1)",20.911025,16.2413116259864,-4.66971337401362,4.66971337401362,21.8062229954416,8.53080593736462
2014,2019,5,"ARIMA(1,1,1)",22.104045,16.3385441427552,-5.76550085724478,5.76550085724478,33.2410001348903,10.532631235692
2014,2015,1,"ARIMA(2,1,2)",17.200829,15.9507658289173,-1.25006317108273,1.25006317108273,1.5626579316974,2.28366185841244
2014,2016,2,"ARIMA(2,1,2)",16.930561,16.3059692408413,-0.624591759158687,0.624591759158687,0.390114865608943,1.14102743802459
2014,2017,3,"ARIMA(2,1,2)",19.590477,16.3634203215262,-3.22705667847382,3.22705667847382,10.4138948060825,5.8953070709081
2014,2018,4,"ARIMA(2,1,2)",20.911025,16.3173691816935,-4.59365581830649,4.59365581830649,21.1016737770611,8.39186116798788
2014,2019,5,"ARIMA(2,1,2)",22.104045,16.4429464022248,-5.66109859777522,5.66109859777522,32.0480373337325,10.3419053080765
2015,2016,1,"Naive",16.930561,17.200829,0.270267999999998,0.270267999999998,0.0730447918239989,0.484291980392588
2015,2017,2,"Naive",19.590477,17.200829,-2.389648,2.389648,5.710417563904,4.28199920952979
2015,2018,3,"Naive",20.911025,17.200829,-3.710196,3.710196,13.765554358416,6.64828306897107
2015,2019,4,"Naive",22.104045,17.200829,-4.903216,4.903216,24.041527142656,8.78605009447157
2015,2020,5,"Naive",24.720663,17.200829,-7.519834,7.519834,56.547903387556,13.4747557982578
2015,2016,1,"Drift",16.930561,17.5098413863636,0.579280386363635,0.579280386363635,0.335565766025602,1.03800984768685
2015,2017,2,"Drift",19.590477,17.8188537727273,-1.77162322727273,1.77162322727273,3.13864885941223,3.17456347494126
2015,2018,3,"Drift",20.911025,18.1278661590909,-2.78315884090909,2.78315884090909,7.74597313373044,4.98712946708828
2015,2019,4,"Drift",22.104045,18.4368785454545,-3.66716645454546,3.66716645454546,13.4481098053435,6.57117862529452
2015,2020,5,"Drift",24.720663,18.7458909318182,-5.97477206818182,5.97477206818182,35.6979012667256,10.7061664617865
2015,2016,1,"Historical Growth",16.930561,17.8227645042911,0.892203504291139,0.892203504291139,0.796027093069388,1.59873533680038
2015,2017,2,"Historical Growth",19.590477,18.4671875161029,-1.12328948389713,1.12328948389713,1.26177926463389,2.01281723589443
2015,2018,3,"Historical Growth",20.911025,19.1349111229515,-1.7761138770485,1.7761138770485,3.15458050424426,3.18261024952486
2015,2019,4,"Historical Growth",22.104045,19.8267778114012,-2.27726718859883,2.27726718859883,5.18594584826884,4.08062455284976
2015,2020,5,"Historical Growth",24.720663,20.543660530054,-4.17700246994602,4.17700246994602,17.4473496339352,7.48475142552913
2015,2016,1,"ARIMA(0,1,1)",16.930561,18.3357458207752,1.40518482077523,1.40518482077523,1.97454438053712,2.51794418751331
2015,2017,2,"ARIMA(0,1,1)",19.590477,18.5100351157431,-1.08044188425686,1.08044188425686,1.16735466525651,1.93603882008176
2015,2018,3,"ARIMA(0,1,1)",20.911025,18.6843244107111,-2.22670058928895,2.22670058928895,4.95819551433974,3.99001449719573
2015,2019,4,"ARIMA(0,1,1)",22.104045,18.858613705679,-3.24543129432104,3.24543129432104,10.5328242861583,5.81547334036892
2015,2020,5,"ARIMA(0,1,1)",24.720663,19.0329030006469,-5.68775999935312,5.68775999935312,32.3506138102414,10.1918708618279
2015,2016,1,"ARIMA(1,1,1)",16.930561,18.1365016195474,1.20594061954745,1.20594061954745,1.45429277787448,2.16091942396622
2015,2017,2,"ARIMA(1,1,1)",19.590477,17.9927845451595,-1.59769245484049,1.59769245484049,2.55262118025422,2.86289772748902
2015,2018,3,"ARIMA(1,1,1)",20.911025,18.1832239401592,-2.72780105984076,2.72780105984076,7.4408986220684,4.88793411497956
2015,2019,4,"ARIMA(1,1,1)",22.104045,18.2704892065105,-3.83355579348953,3.83355579348953,14.6961500217972,6.86933091292547
2015,2020,5,"ARIMA(1,1,1)",24.720663,18.3896332035322,-6.33102979646781,6.33102979646781,40.0819382837633,11.3445430389684
2015,2016,1,"ARIMA(2,1,2)",16.930561,18.1200300615738,1.18946906157379,1.18946906157379,1.41483664844122,2.13140411534213
2015,2017,2,"ARIMA(2,1,2)",19.590477,17.6913632981874,-1.8991137018126,1.8991137018126,3.60663285241234,3.40301306718342
2015,2018,3,"ARIMA(2,1,2)",20.911025,17.6565147599574,-3.25451024004259,3.25451024004259,10.5918369025421,5.83174186125696
2015,2019,4,"ARIMA(2,1,2)",22.104045,18.0094243559473,-4.09462064405266,4.09462064405266,16.7659182187022,7.33713181236644
2015,2020,5,"ARIMA(2,1,2)",24.720663,17.9836044923816,-6.73705850761841,6.73705850761841,45.3879573350736,12.0721040103722
2016,2017,1,"Naive",19.590477,16.930561,-2.659916,2.659916,7.075153127056,4.82154697754985
2016,2018,2,"Naive",20.911025,16.930561,-3.980464,3.980464,15.844093655296,7.21526325208991
2016,2019,3,"Naive",22.104045,16.930561,-5.173484,5.173484,26.764936698256,9.37781348869758
2016,2020,4,"Naive",24.720663,16.930561,-7.790102,7.790102,60.685689170404,14.1208755287404
2016,2021,5,"Naive",26.060383,16.930561,-9.129822,9.129822,83.353649751684,16.5493442911987
2016,2017,1,"Drift",19.590477,17.2267004888889,-2.36377651111111,2.36377651111111,5.58743939448061,4.28474413957099
2016,2018,2,"Drift",20.911025,17.5228399777778,-3.38818502222222,3.38818502222222,11.479797744811,6.14165757613219
2016,2019,3,"Drift",22.104045,17.8189794666667,-4.28506553333333,4.28506553333333,18.3617866249613,7.767404974761
2016,2020,4,"Drift",24.720663,18.1151189555556,-6.60554404444444,6.60554404444444,43.6332121230954,11.973664176825
2016,2021,5,"Drift",26.060383,18.4112584444444,-7.64912455555556,7.64912455555556,58.509106466403,13.8653301013044
2016,2017,1,"Historical Growth",19.590477,17.5227151438303,-2.06776185616974,2.06776185616974,4.27563909383051,3.74816758420494
2016,2018,2,"Historical Growth",20.911025,18.1355801507002,-2.77544484929983,2.77544484929983,7.70309411150494,5.03096252832717
2016,2019,3,"Historical Growth",22.104045,18.7698803925529,-3.33416460744706,3.33416460744706,11.1166536295526,6.04373645095939
2016,2020,4,"Historical Growth",24.720663,19.426365576573,-5.29429742342695,5.29429742342695,28.0295852077053,9.59680822258079
2016,2021,5,"Historical Growth",26.060383,20.1058116312979,-5.95457136870206,5.95457136870206,35.4569201849663,10.7936662606527
2016,2017,1,"ARIMA(0,1,1)",19.590477,16.2049888084656,-3.38548819153439,3.38548819153439,11.4615302950188,6.13676911504851
2016,2018,2,"ARIMA(0,1,1)",20.911025,16.3539289043223,-4.55709609567765,4.55709609567765,20.7671248252405,8.26050631167256
2016,2019,3,"ARIMA(0,1,1)",22.104045,16.5028690001791,-5.60117599982091,5.60117599982091,31.3731725809698,10.1530774703642
2016,2020,4,"ARIMA(0,1,1)",24.720663,16.6518090960358,-8.06885390396417,8.06885390396417,65.1064033235179,14.626160432491
2016,2021,5,"ARIMA(0,1,1)",26.060383,16.8007491918926,-9.25963380810743,9.25963380810743,85.7408182602461,16.7846501170333
2016,2017,1,"ARIMA(1,1,1)",19.590477,16.2362784222153,-3.3541985777847,3.3541985777847,11.2506480992129,6.08005140569094
2016,2018,2,"ARIMA(1,1,1)",20.911025,16.5913487301071,-4.31967626989287,4.31967626989287,18.6596030766755,7.83014278010876
2016,2019,3,"ARIMA(1,1,1)",22.104045,16.6061254509092,-5.49791954909084,5.49791954909084,30.2271193682752,9.96590771465384
2016,2020,4,"ARIMA(1,1,1)",24.720663,16.7317210371931,-7.9889419628069,7.9889419628069,63.8231936850969,14.4813065429859
2016,2021,5,"ARIMA(1,1,1)",26.060383,16.8212805901652,-9.23910240983482,9.23910240983482,85.3610133394157,16.7474334901601
2016,2017,1,"ARIMA(2,1,2)",19.590477,16.0408011732097,-3.5496758267903,3.5496758267903,12.6001984752994,6.43438693324998
2016,2018,2,"ARIMA(2,1,2)",20.911025,16.4630192468805,-4.44800575311951,4.44800575311951,19.7847551797843,8.06276164175025
2016,2019,3,"ARIMA(2,1,2)",22.104045,16.7640634097136,-5.33998159028643,5.33998159028643,28.515403384598,9.67961849051527
2016,2020,4,"ARIMA(2,1,2)",24.720663,16.5370461446486,-8.18361685535137,8.18361685535137,66.971584835191,14.8341876639508
2016,2021,5,"ARIMA(2,1,2)",26.060383,16.6638676028744,-9.39651539712556,9.39651539712556,88.2945016084177,17.0327711147688
2017,2018,1,"Naive",20.911025,19.590477,-1.320548,1.320548,1.743847020304,2.21010697798003
2017,2019,2,"Naive",22.104045,19.590477,-2.513568,2.513568,6.318024090624,4.20677944037423
2017,2020,3,"Naive",24.720663,19.590477,-5.130186,5.130186,26.318808394596,8.5860263140268
2017,2021,4,"Naive",26.060383,19.590477,-6.469906,6.469906,41.859683648836,10.8282201006513
2017,2022,5,"Naive",25.416705,19.590477,-5.826228,5.826228,33.944932707984,9.75094215288096
2017,2018,1,"Drift",20.911025,19.9380029347826,-0.973022065217389,0.973022065217389,0.946771939399913,1.6284776138887
2017,2019,2,"Drift",22.104045,20.2855288695652,-1.81851613043478,1.81851613043478,3.30700091665149,3.04352071219157
2017,2020,3,"Drift",24.720663,20.6330548043478,-4.08760819565217,4.08760819565217,16.7085407611628,6.84113822175281
2017,2021,4,"Drift",26.060383,20.9805807391304,-5.07980226086957,5.07980226086957,25.8043910095356,8.50170264428598
2017,2022,5,"Drift",25.416705,21.328106673913,-4.08859832608696,4.08859832608696,16.7166362720811,6.84279533242431
2017,2018,1,"Historical Growth",20.911025,20.3248891011388,-0.586135898861244,0.586135898861244,0.343555291933878,0.980973838223096
2017,2019,2,"Historical Growth",22.104045,21.0868330043005,-1.01721199569954,1.01721199569954,1.03472024419505,1.70243514796929
2017,2020,3,"Historical Growth",24.720663,21.8773408277215,-2.84332217227848,2.84332217227848,8.08448097537043,4.75866547342317
2017,2021,4,"Historical Growth",26.060383,22.6974833819133,-3.36289961808669,3.36289961808669,11.3090938413276,5.62824517713841
2017,2022,5,"Historical Growth",25.416705,23.5483716201667,-1.86833337983333,1.86833337983333,3.49066961819944,3.12689628848225
2017,2018,1,"ARIMA(0,1,1)",20.911025,21.7271316312371,0.816106631237137,0.816106631237137,0.666030033549228,1.36585944658806
2017,2019,2,"ARIMA(0,1,1)",22.104045,21.9217871974349,-0.182257802565058,0.182257802565058,0.0332179065958436,0.305031881643334
2017,2020,3,"ARIMA(0,1,1)",24.720663,22.1164427636327,-2.60422023636725,2.60422023636725,6.7819630395047,4.3584976211331
2017,2021,4,"ARIMA(0,1,1)",26.060383,22.3110983298305,-3.74928467016945,3.74928467016945,14.0571355379677,6.2749102735948
2017,2022,5,"ARIMA(0,1,1)",25.416705,22.5057538960284,-2.91095110397164,2.91095110397164,8.47363632971374,4.87185119166165
2017,2018,1,"ARIMA(1,1,1)",20.911025,21.494759958582,0.583734958581992,0.583734958581992,0.34074650187072,0.976955555763929
2017,2019,2,"ARIMA(1,1,1)",22.104045,20.998635315688,-1.10540968431202,1.10540968431202,1.2219305701708,1.85004532726163
2017,2020,3,"ARIMA(1,1,1)",24.720663,21.3420527812675,-3.37861021873247,3.37861021873247,11.4150070101235,5.65453888862448
2017,2021,4,"ARIMA(1,1,1)",26.060383,21.3976784399444,-4.66270456005562,4.66270456005562,21.7408138143635,7.80363597872871
2017,2022,5,"ARIMA(1,1,1)",25.416705,21.5526384086759,-3.86406659132406,3.86406659132406,14.9310106221867,6.46701258633902
2017,2018,1,"ARIMA(2,1,2)",20.911025,21.591806026548,0.680781026547976,0.680781026547976,0.463462806107716,1.13937463632529
2017,2019,2,"ARIMA(2,1,2)",22.104045,20.609757219242,-1.49428778075801,1.49428778075801,2.23289597172271,2.50088285421172
2017,2020,3,"ARIMA(2,1,2)",24.720663,20.5611371441946,-4.15952585580542,4.15952585580542,17.3016553451138,6.96150167885145
2017,2021,4,"ARIMA(2,1,2)",26.060383,21.238807413007,-4.82157558699296,4.82157558699296,23.2475911410865,8.06952708244707
2017,2022,5,"ARIMA(2,1,2)",25.416705,21.0092291368374,-4.40747586316262,4.40747586316262,19.4258434843611,7.37647791708766
2018,2019,1,"Naive",22.104045,20.911025,-1.19302,1.19302,1.4232967204,1.9465546047303
2018,2020,2,"Naive",24.720663,20.911025,-3.809638,3.809638,14.513341691044,6.21587935764324
2018,2021,3,"Naive",26.060383,20.911025,-5.149358,5.149358,26.515887812164,8.40179253181407
2018,2022,4,"Naive",25.416705,20.911025,-4.50568,4.50568,20.3011522624,7.35155500447706
2018,2023,5,"Naive",26.676571,20.911025,-5.765546,5.765546,33.241520678116,9.4071768411966
2018,2019,1,"Drift",22.104045,21.2792535319149,-0.824791468085106,0.824791468085106,0.680280965825985,1.34574577973825
2018,2020,2,"Drift",24.720663,21.6474820638298,-3.07318093617021,3.07318093617021,9.44444106644003,5.01426170765914
2018,2021,3,"Drift",26.060383,22.0157105957447,-4.04467240425532,4.04467240425532,16.3593748577445,6.59936605683792
2018,2022,4,"Drift",25.416705,22.3839391276596,-3.03276587234043,3.03276587234043,9.19766883643279,4.94831970450887
2018,2023,5,"Drift",26.676571,22.7521676595745,-3.92440334042553,3.92440334042553,15.4009415783431,6.40313271623635
2018,2019,1,"Historical Growth",22.104045,21.7080693498854,-0.395975650114558,0.395975650114558,0.156796715483647,0.646081561995245
2018,2020,2,"Historical Growth",24.720663,22.5354938315762,-2.18516916842379,2.18516916842379,4.77496429462994,3.56536445902836
2018,2021,3,"Historical Growth",26.060383,23.3944564137708,-2.66592658622919,2.66592658622919,7.10716456316361,4.3497775999542
2018,2022,4,"Historical Growth",25.416705,24.2861592022873,-1.13054579771273,1.13054579771273,1.27813380072592,1.84462048280516
2018,2023,5,"Historical Growth",26.676571,25.2118501223929,-1.46472087760711,1.46472087760711,2.14540724929815,2.38986703404028
2018,2019,1,"ARIMA(0,1,1)",22.104045,20.692209219388,-1.411835780612,1.411835780612,1.99328027141629,2.30357868256465
2018,2020,2,"ARIMA(0,1,1)",24.720663,20.8671077559615,-3.85355524403853,3.85355524403853,14.8498880188568,6.287535586047
2018,2021,3,"ARIMA(0,1,1)",26.060383,21.0420062925349,-5.01837670746507,5.01837670746507,25.1841047780279,8.18808091078725
2018,2022,4,"ARIMA(0,1,1)",25.416705,21.2169048291084,-4.1998001708916,4.1998001708916,17.6383214754211,6.85247553401967
2018,2023,5,"ARIMA(0,1,1)",26.676571,21.3918033656819,-5.28476763431813,5.28476763431813,27.9287689487364,8.62272952130862
2018,2019,1,"ARIMA(1,1,1)",22.104045,20.1923663838685,-1.91167861613151,1.91167861613151,3.6545151313745,3.11913196174016
2018,2020,2,"ARIMA(1,1,1)",24.720663,20.6092678606707,-4.11139513932927,4.11139513932927,16.9035699917003,6.70823216737956
2018,2021,3,"ARIMA(1,1,1)",26.060383,20.6253879641915,-5.43499503580851,5.43499503580851,29.5391710392631,8.86784346753565
2018,2022,4,"ARIMA(1,1,1)",25.416705,20.7833139200428,-4.63339107995716,4.63339107995716,21.4683128998266,7.55993088314271
2018,2023,5,"ARIMA(1,1,1)",26.676571,20.8911147460142,-5.78545625398582,5.78545625398582,33.4715040667836,9.43966279832846
2018,2019,1,"ARIMA(2,1,2)",22.104045,19.7217471018125,-2.38229789818748,2.38229789818748,5.67534327570851,3.88700352345825
2018,2020,2,"ARIMA(2,1,2)",24.720663,19.8813731921156,-4.83928980788437,4.83928980788437,23.4187258446935,7.89587924692104
2018,2021,3,"ARIMA(2,1,2)",26.060383,20.4835888690777,-5.57679413092232,5.57679413092232,31.1006327786897,9.09920562537071
2018,2022,4,"ARIMA(2,1,2)",25.416705,20.2233795165749,-5.19332548342506,5.19332548342506,26.9706295767921,8.47353073177672
2018,2023,5,"ARIMA(2,1,2)",26.676571,20.2970882398926,-6.37948276010735,6.37948276010735,40.6978002865069,10.4088879838431
